ID,Title,Text,Vector
1,The Invention of the Transistor,"The transistor was invented in 1947 by John Bardeen, Walter Brattain, and William Shockley at Bell Labs. This groundbreaking invention replaced bulky vacuum tubes and became the foundation of modern electronics. Transistors are essential components in nearly all electronic devices today, from smartphones to computers, enabling the miniaturization and efficiency of technology.",
2,The Launch of Sputnik 1,"On October 4, 1957, the Soviet Union launched Sputnik 1, the world's first artificial satellite. This event marked the beginning of the space race between the United States and the Soviet Union and spurred significant advancements in space technology and exploration. Sputnik's success demonstrated the potential of satellite technology for communication, weather monitoring, and scientific research.",
3,The Apollo 11 Moon Landing,"On July 20, 1969, NASA's Apollo 11 mission successfully landed the first humans on the Moon. Astronauts Neil Armstrong and Buzz Aldrin walked on the lunar surface, while Michael Collins orbited above. This historic event showcased the capabilities of human spaceflight and inspired generations of scientists and engineers.",
4,The Invention of the World Wide Web,"In 1989, Tim Berners-Lee, a British scientist at CERN, proposed the concept of the World Wide Web. By 1991, the first website was launched, revolutionizing how information is shared and accessed. The web's development laid the groundwork for the modern internet, enabling global communication, e-commerce, and social networking.",
5,The Release of the First iPhone,"On January 9, 2007, Apple Inc. unveiled the first iPhone, a revolutionary device that combined a phone, iPod, and internet communicator into one. The iPhone's touchscreen interface and app ecosystem transformed the smartphone industry and set new standards for mobile technology.",
6,The Human Genome Project Completion,"In 2003, the Human Genome Project was completed, mapping the entire human genome. This monumental achievement has had profound implications for medicine, enabling advancements in personalized healthcare, genetic research, and the understanding of human biology.",
7,The First CRISPR Gene Editing Breakthrough,"In 2012, scientists Jennifer Doudna and Emmanuelle Charpentier demonstrated the potential of CRISPR-Cas9 as a precise gene-editing tool. This breakthrough has revolutionized biotechnology, offering possibilities for treating genetic disorders, improving crop yields, and combating diseases.",
8,The Launch of Bitcoin,"In 2009, an anonymous person or group known as Satoshi Nakamoto launched Bitcoin, the first decentralized cryptocurrency. Bitcoin introduced blockchain technology, which has since inspired a wide range of applications in finance, supply chain management, and digital identity verification.",
9,The Discovery of the Higgs Boson,"On July 4, 2012, scientists at CERN announced the discovery of the Higgs boson, a fundamental particle that gives mass to other particles. This discovery confirmed the Standard Model of particle physics and was made possible by the Large Hadron Collider, the world's most powerful particle accelerator.",
10,The Rise of Social Media,"The mid-2000s saw the rise of social media platforms like Facebook, Twitter, and YouTube, transforming how people communicate and share information. These platforms have had significant cultural, political, and economic impacts, enabling global connectivity and new forms of digital expression.",
11,The Development of Autonomous Vehicles,"In the 2010s, companies like Tesla, Waymo, and Uber began developing and testing autonomous vehicles. These self-driving cars use AI, sensors, and machine learning to navigate without human intervention, promising to revolutionize transportation and reduce accidents caused by human error.",
12,The Emergence of Cloud Computing,"In the late 2000s, cloud computing emerged as a transformative technology, allowing businesses and individuals to store and access data and applications over the internet. Companies like Amazon Web Services (AWS), Microsoft Azure, and Google Cloud have driven the adoption of cloud-based solutions, enabling scalability and cost efficiency.",
13,The First Successful Quantum Supremacy Experiment,"In 2019, Google announced that its quantum computer, Sycamore, had achieved quantum supremacy by performing a calculation in 200 seconds that would take the world's fastest supercomputer 10,000 years. This milestone demonstrated the potential of quantum computing to solve problems beyond the reach of classical computers.",
14,The Launch of the James Webb Space Telescope,"On December 25, 2021, NASA launched the James Webb Space Telescope (JWST), the most powerful space telescope ever built. JWST is designed to observe the universe in infrared, providing unprecedented insights into the formation of galaxies, stars, and planetary systems.",
15,The Development of mRNA Vaccines,"During the COVID-19 pandemic, mRNA vaccine technology emerged as a game-changer in medicine. Companies like Pfizer-BioNTech and Moderna developed highly effective vaccines in record time, showcasing the potential of mRNA for treating other diseases, including cancer and HIV.",
16,The Creation of the First Artificial Intelligence Program,"In 1956, the Dartmouth Conference marked the birth of artificial intelligence as a field of study. Researchers like John McCarthy and Marvin Minsky laid the groundwork for AI by developing early programs capable of problem-solving and logical reasoning.",
17,The Introduction of the Personal Computer,"In the 1970s and 1980s, companies like Apple, IBM, and Microsoft introduced personal computers, making computing power accessible to individuals and small businesses. The PC revolution transformed industries, education, and everyday life.",
18,The First Email Sent,"In 1971, Ray Tomlinson sent the first email, introducing the '@' symbol to separate the user's name from the host computer. Email revolutionized communication, becoming a cornerstone of personal and professional interactions.",
19,The Development of the Graphical User Interface (GUI),"In the 1980s, Xerox PARC developed the first graphical user interface (GUI), which was later popularized by Apple's Macintosh and Microsoft's Windows. GUIs made computers more user-friendly and accessible to non-technical users.",
20,The Launch of the Hubble Space Telescope,"On April 24, 1990, NASA launched the Hubble Space Telescope, which has provided stunning images and valuable data about the universe. Hubble's observations have led to breakthroughs in astrophysics, including the discovery of dark energy.",
21,The First Successful Cloning of a Mammal,"In 1996, scientists at the Roslin Institute in Scotland cloned Dolly the sheep, the first mammal cloned from an adult somatic cell. This breakthrough raised ethical questions and opened new possibilities for genetic research.",
22,The Introduction of the Smartphone,"In the early 2000s, smartphones like the BlackBerry and later the iPhone combined communication, computing, and internet access into a single device. Smartphones have become indispensable tools for work, entertainment, and social interaction.",
23,The Development of 3D Printing,"In the 1980s, Charles Hull invented stereolithography, the first 3D printing technology. Since then, 3D printing has evolved to create everything from prototypes to medical implants, revolutionizing manufacturing and design.",
24,The First Successful Mars Rover Landing,"In 1997, NASA's Pathfinder mission successfully landed the Sojourner rover on Mars, marking the beginning of robotic exploration of the Red Planet. Subsequent rovers like Curiosity and Perseverance have expanded our understanding of Mars' geology and potential for life.",
25,The Emergence of Renewable Energy Technologies,"In the 21st century, advancements in solar, wind, and battery technologies have made renewable energy more efficient and affordable. These innovations are critical for addressing climate change and reducing dependence on fossil fuels.",
26,The Development of Virtual Reality (VR),"In the 2010s, VR technology advanced significantly, with companies like Oculus (acquired by Facebook) creating immersive headsets for gaming, training, and education. VR has applications in entertainment, healthcare, and remote work.",
27,The First Successful Test of a Self-Driving Car,"In 2004, DARPA hosted the Grand Challenge, a competition for autonomous vehicles. While no team completed the course that year, the event spurred innovation, leading to the development of self-driving cars by companies like Google and Tesla.",
28,The Introduction of the Gig Economy,"In the 2010s, platforms like Uber, Airbnb, and DoorDash popularized the gig economy, where individuals work as independent contractors. This model has transformed industries but also raised concerns about labor rights and job security.",
29,The First CRISPR-Edited Babies,"In 2018, Chinese scientist He Jiankui announced the birth of the first CRISPR-edited babies, sparking global controversy. The experiment raised ethical concerns about the use of gene-editing technology in humans.",
30,The Launch of SpaceX's Falcon Heavy,"On February 6, 2018, SpaceX successfully launched the Falcon Heavy, the most powerful operational rocket in the world. The mission demonstrated the potential for reusable rockets to reduce the cost of space exploration.",
31,The Development of Deepfake Technology,"In the late 2010s, deepfake technology emerged, using AI to create realistic but fake audio and video content. While it has applications in entertainment, it also raises concerns about misinformation and privacy.",
32,The First Detection of Gravitational Waves,"In 2015, the LIGO collaboration detected gravitational waves for the first time, confirming a prediction of Einstein's theory of general relativity. This discovery opened a new way to observe the universe.",
33,The Rise of Electric Vehicles,"In the 2010s, companies like Tesla popularized electric vehicles (EVs), leading to widespread adoption and advancements in battery technology. EVs are key to reducing greenhouse gas emissions from transportation.",
34,The Introduction of 5G Networks,"In the late 2010s, 5G networks began rolling out, offering faster speeds and lower latency than previous generations. 5G enables advancements in IoT, autonomous vehicles, and smart cities.",
35,The First AI to Beat a World Champion in Go,"In 2016, Google's AlphaGo defeated world champion Lee Sedol in the complex board game Go. This milestone demonstrated the potential of AI to master tasks requiring intuition and strategy.",
36,The Development of the Metaverse,"In the 2020s, companies like Meta (formerly Facebook) began developing the metaverse, a virtual shared space created by the convergence of physical and virtual reality. The metaverse has applications in gaming, social interaction, and commerce.",
37,The First Successful Test of Nuclear Fusion,"In 2022, scientists at the National Ignition Facility achieved a net energy gain in a nuclear fusion reaction, a major step toward harnessing fusion as a clean and virtually limitless energy source.",
38,The Introduction of Biometric Authentication,"In the 2010s, biometric authentication methods like fingerprint scanning and facial recognition became widespread, enhancing security and convenience in devices and systems.",
39,The First Commercial Spaceflight,"In 2021, companies like SpaceX and Blue Origin launched commercial spaceflights, allowing private citizens to travel to space. This marked the beginning of a new era in space tourism.",
40,The Development of Smart Cities,"In the 21st century, cities around the world began integrating IoT, AI, and data analytics to create smart cities. These initiatives aim to improve urban living through efficient resource management and enhanced public services.",
41,The First AI-Generated Artwork Sold at Auction,"In 2018, an AI-generated artwork titled 'Portrait of Edmond de Belamy' was sold at Christie's for $432,500. This event highlighted the growing role of AI in creative industries.",
42,The Introduction of Voice Assistants,"In the 2010s, voice assistants like Amazon's Alexa, Apple's Siri, and Google Assistant became ubiquitous, transforming how people interact with technology and access information.",
43,The First Successful Test of a Hyperloop,"In 2020, Virgin Hyperloop conducted the first successful test of a hyperloop system with human passengers. This high-speed transportation technology promises to revolutionize travel.",
44,The Development of Lab-Grown Meat,"In the 2010s, companies like Memphis Meats and Beyond Meat developed lab-grown and plant-based meat alternatives, offering sustainable and ethical options for food production.",
45,The First AI-Powered Drug Discovery,"In the 2020s, AI began playing a significant role in drug discovery, accelerating the identification of potential treatments for diseases like cancer and COVID-19.",
46,The Introduction of Quantum Cryptography,"In the 21st century, quantum cryptography emerged as a method for secure communication, leveraging the principles of quantum mechanics to protect data from hacking.",
47,The First AI-Powered Legal Assistant,"In the 2010s, AI-powered legal assistants like ROSS began assisting lawyers with legal research and case analysis, demonstrating the potential of AI in the legal profession.",
48,The Development of Brain-Computer Interfaces,"In the 2020s, companies like Neuralink advanced brain-computer interface technology, enabling direct communication between the brain and external devices.",
49,The First AI-Powered Journalism,"In the 2010s, AI began generating news articles and reports, raising questions about the future of journalism and the role of human writers.",
50,The Introduction of Smart Glasses,"In the 2020s, companies like Google and Snap introduced smart glasses, blending augmented reality with everyday eyewear to enhance productivity and entertainment.",